xlsx_name,relative_path,byte_size,sha256,ws,emi,channel_group,subchannel,filename_schema,raw_row_count,coverage_start_raw,coverage_end_raw
DHI_PLTS-IKN_WS-1_2026-Apr.xlsx,April 2026/WS-1/DHI_PLTS-IKN_WS-1_2026-Apr.xlsx,1747663,0f5596ca3611cd16ea4e25bad4c17b1cb1bb890ac26279b4b4c10919344ebbf3,WS-1,EMI01,DHI,,standardized,54105,2026-04-01 06:14:06.600,2026-04-30 17:06:51.381
DNIcosZ_PLTS-IKN_WS-1_2026-Apr.xlsx,April 2026/WS-1/DNIcosZ_PLTS-IKN_WS-1_2026-Apr.xlsx,434953,3b529f5da67da066f1fa098109f3ee42ca69775f6773c953f89ca37bcd5961e5,WS-1,EMI01,DNIcosZ,,standardized,0,,
GHI_PLTS-IKN_WS-1_2026-Apr.xlsx,April 2026/WS-1/GHI_PLTS-IKN_WS-1_2026-Apr.xlsx,1788280,1b1fc7ca8460003cb837e3e0fac1a3c9a180e8577b87947c4bf67592e6257c54,WS-1,EMI01,GHI,,standardized,55608,2026-04-01 06:14:06.600,2026-04-30 17:06:51.381
POA_PLTS-IKN_WS-1_2026-Apr.xlsx,April 2026/WS-1/POA_PLTS-IKN_WS-1_2026-Apr.xlsx,434945,80b7676d02dd39408c671c575c4b3e58de20803d2b15e228d058fcc51096e71e,WS-1,EMI01,POA,,standardized,0,,
RSI_01_PLTS-IKN_WS-1_2026-Apr.xlsx,April 2026/WS-1/RSI_01_PLTS-IKN_WS-1_2026-Apr.xlsx,434947,a88849d00ac1b7028e3a2c08c8476185f43c8e53c81810a291837c82c431885d,WS-1,EMI01,RSI,RSI_01,standardized,0,,
RSI_02_PLTS-IKN_WS-1_2026-Apr.xlsx,April 2026/WS-1/RSI_02_PLTS-IKN_WS-1_2026-Apr.xlsx,434947,743c263d27d6d8acc493524445411a58bfb19694c579a8c994ddfa809c9beb8a,WS-1,EMI01,RSI,RSI_02,standardized,0,,
RSI_03_PLTS-IKN_WS-1_2026-Apr.xlsx,April 2026/WS-1/RSI_03_PLTS-IKN_WS-1_2026-Apr.xlsx,434950,18a93748c81dabb2f1709cb7cfc91c34b3ecaec05c1dda5895575ef8b5660c53,WS-1,EMI01,RSI,RSI_03,standardized,0,,
DHI_PLTS-IKN_WS-2_2026-Apr.xlsx,April 2026/WS-2/DHI_PLTS-IKN_WS-2_2026-Apr.xlsx,434938,bc1cc6691badf7c28d40c83b60d88d16721caa73c6206273d2ecf1930a08b5c2,WS-2,EMI02,DHI,,standardized,0,,
DNIcosZ_PLTS-IKN_WS-2_2026-Apr.xlsx,April 2026/WS-2/DNIcosZ_PLTS-IKN_WS-2_2026-Apr.xlsx,434951,af3cbcf9c6c44c9963dab1f8b7ca059b13aeb30069b002451f3dc83eb74d31c5,WS-2,EMI02,DNIcosZ,,standardized,0,,
GHI_PLTS-IKN_WS-2_2026-Apr.xlsx,April 2026/WS-2/GHI_PLTS-IKN_WS-2_2026-Apr.xlsx,434934,e4da93699bfe4961926af22d7501ad1315e1bde9e2799fa345483e7ffecec3f7,WS-2,EMI02,GHI,,standardized,0,,
POA_PLTS-IKN_WS-2_2026-Apr.xlsx,April 2026/WS-2/POA_PLTS-IKN_WS-2_2026-Apr.xlsx,434936,aa16f4ea83b97a3d3d21dc3627cb31d4e04de021e237f3c3a35e4b3ccec94d2a,WS-2,EMI02,POA,,standardized,0,,
RSI_01_PLTS-IKN_WS-2_2026-Apr.xlsx,April 2026/WS-2/RSI_01_PLTS-IKN_WS-2_2026-Apr.xlsx,434944,8cb04bf0d02525f5a0e44f78c0ddb4cd11a2fb2c686b429f93888c06cdb4c3cd,WS-2,EMI02,RSI,RSI_01,standardized,0,,
RSI_02_PLTS-IKN_WS-2_2026-Apr.xlsx,April 2026/WS-2/RSI_02_PLTS-IKN_WS-2_2026-Apr.xlsx,434943,a9e96d80d7d8d05e6dc0027f27751bcaa02c28a345107ba13aea3d71ba156bc7,WS-2,EMI02,RSI,RSI_02,standardized,0,,
RSI_03_PLTS-IKN_WS-2_2026-Apr.xlsx,April 2026/WS-2/RSI_03_PLTS-IKN_WS-2_2026-Apr.xlsx,434944,b7fbc32b78fd459c1f38bda01ecc9e10b9f468d992e01bce879bf850f026fafd,WS-2,EMI02,RSI,RSI_03,standardized,0,,
DHI_PLTS-IKN_WS-3_2026-Apr.xlsx,April 2026/WS-3/DHI_PLTS-IKN_WS-3_2026-Apr.xlsx,1549535,487e0063890aa4180e565b4a35b11994070868f43725f74634b8c5ef3a5e5561,WS-3,EMI03,DHI,,standardized,45478,2026-04-01 06:13:38.928,2026-04-30 17:08:40.787
DNIcosZ_PLTS-IKN_WS-3_2026-Apr.xlsx,April 2026/WS-3/DNIcosZ_PLTS-IKN_WS-3_2026-Apr.xlsx,436740,c0124dcc4a88b0b4f4e80b837e5b4dae39d3e73718ffe88c1d09ec799b788dbe,WS-3,EMI03,DNIcosZ,,standardized,74,2026-04-07 10:31:46.037,2026-04-12 16:39:12.006
GHI_PLTS-IKN_WS-3_2026-Apr.xlsx,April 2026/WS-3/GHI_PLTS-IKN_WS-3_2026-Apr.xlsx,1503620,38247be7f84c6d446108b682e4f8712388ea5a694dff798b99d03da56db44a3a,WS-3,EMI03,GHI,,standardized,43633,2026-04-01 06:14:44.678,2026-04-30 17:02:27.756
POA_PLTS-IKN_WS-3_2026-Apr.xlsx,April 2026/WS-3/POA_PLTS-IKN_WS-3_2026-Apr.xlsx,434941,a75ca839ed5fec1488d7a315382d2e7460cb6566dee4c0fa11ce74eacf27b7b6,WS-3,EMI03,POA,,standardized,0,,
RSI_01_PLTS-IKN_WS-3_2026-Apr.xlsx,April 2026/WS-3/RSI_01_PLTS-IKN_WS-3_2026-Apr.xlsx,434943,5f5ecd16e49439d14c9764a588484ba89ebb159334310a08de772e9e429f063f,WS-3,EMI03,RSI,RSI_01,standardized,0,,
RSI_02_PLTS-IKN_WS-3_2026-Apr.xlsx,April 2026/WS-3/RSI_02_PLTS-IKN_WS-3_2026-Apr.xlsx,434943,8c0c6ffd5910076163040c6f2e97d54b20d4e89f249047dd169e29d6b80b7816,WS-3,EMI03,RSI,RSI_02,standardized,0,,
RSI_03_PLTS-IKN_WS-3_2026-Apr.xlsx,April 2026/WS-3/RSI_03_PLTS-IKN_WS-3_2026-Apr.xlsx,434945,a53029ae69f5b87f61d1f00151777eacc67980983eda43caeec7f760099c7c49,WS-3,EMI03,RSI,RSI_03,standardized,0,,
DHI_PLTS-IKN_WS-4_2026-Apr.xlsx,April 2026/WS-4/DHI_PLTS-IKN_WS-4_2026-Apr.xlsx,1642789,63245d0e4add837656fd619be66ac826080871cab9c58282e3267a8f9a191f27,WS-4,EMI04,DHI,,standardized,49593,2026-04-01 06:14:06.584,2026-04-30 17:06:11.490
DNIcosZ_PLTS-IKN_WS-4_2026-Apr.xlsx,April 2026/WS-4/DNIcosZ_PLTS-IKN_WS-4_2026-Apr.xlsx,535496,93c1164776ca67cf47b9d35945c474d1e0015779ded648b6fb2dbad0f5ad3e7b,WS-4,EMI04,DNIcosZ,,standardized,3893,2026-04-01 10:18:22.740,2026-04-30 14:09:04.428
GHI_PLTS-IKN_WS-4_2026-Apr.xlsx,April 2026/WS-4/GHI_PLTS-IKN_WS-4_2026-Apr.xlsx,1715892,15291893519e665c172ef266ea5d9bacfd4688e2437672ba02c5b28a84d5ee65,WS-4,EMI04,GHI,,standardized,52241,2026-04-01 06:14:06.584,2026-04-30 17:07:40.584
POA_PLTS-IKN_WS-4_2026-Apr.xlsx,April 2026/WS-4/POA_PLTS-IKN_WS-4_2026-Apr.xlsx,434941,a1f1e21245d3c9fcca4d929c84a00b1ca9eec14130efc75a3f11b125cb5ebf1e,WS-4,EMI04,POA,,standardized,0,,
RSI_01_PLTS-IKN_WS-4_2026-Apr.xlsx,April 2026/WS-4/RSI_01_PLTS-IKN_WS-4_2026-Apr.xlsx,434947,2a3cb735806aff066eae399aa234ee5e30472103f5b4f4c638d21bd3a2662e2c,WS-4,EMI04,RSI,RSI_01,standardized,0,,
RSI_02_PLTS-IKN_WS-4_2026-Apr.xlsx,April 2026/WS-4/RSI_02_PLTS-IKN_WS-4_2026-Apr.xlsx,434945,d41876d72e6eb31b8fbdff1ec0f30f1ab28d53b6fd8f62ba831be02ef047be26,WS-4,EMI04,RSI,RSI_02,standardized,0,,
RSI_03_PLTS-IKN_WS-4_2026-Apr.xlsx,April 2026/WS-4/RSI_03_PLTS-IKN_WS-4_2026-Apr.xlsx,652203,5df372983712325dda156b3d29853155ab9779e6b3d9248c6bf0ca08a32a43bd,WS-4,EMI04,RSI,RSI_03,standardized,8830,2026-04-01 08:12:37.600,2026-04-30 13:42:17.834
Total_Irradiance_PLTS-IKN_WS-5_2026-Apr.xlsx,April 2026/WS-5/Total_Irradiance_PLTS-IKN_WS-5_2026-Apr.xlsx,11017245,73a409015dbf7f244cdbe14a43f69e94834c29d6d3817d88e5feca94c0402c74,WS-5,EMI05,GHI,,standardized,522276,2026-04-01 06:03:54.350,2026-04-30 18:11:53.834
DHI_PLTS-IKN_WS-1_2025-Dec.xlsx,Desember 2025/WS-1/DHI_PLTS-IKN_WS-1_2025-Dec.xlsx,1689292,148eb93e95df796b0ff4cfd03cd996496618a4c9043ac1cd412fe52b172a299f,WS-1,EMI01,DHI,,standardized,69452,2025-12-01 06:09:08.018,2025-12-31 18:10:57.749
DNIcosZ_PLTS-IKN_WS-1_2025-Dec.xlsx,Desember 2025/WS-1/DNIcosZ_PLTS-IKN_WS-1_2025-Dec.xlsx,915243,e7248bb0908b42e10c361be4a4610474323f2df7c7767c1662c339bd5f427e19,WS-1,EMI01,DNIcosZ,,standardized,30723,2025-12-01 06:30:47.210,2025-12-31 16:08:45.569
GHI_PLTS-IKN_WS-1_2025-Dec.xlsx,Desember 2025/WS-1/GHI_PLTS-IKN_WS-1_2025-Dec.xlsx,1812107,6ba9da3c9cea630631215f3bb49790600df5ae4ec7a6c1ff47218fa1ba5fa305,WS-1,EMI01,GHI,,standardized,75235,2025-12-01 06:08:08.283,2025-12-31 18:11:53.989
POA_PLTS-IKN_WS-1_2025-Dec.xlsx,Desember 2025/WS-1/POA_PLTS-IKN_WS-1_2025-Dec.xlsx,369408,7ec853e0baeb625c3d2c45c5690aca0f075574ca99ee9f5c7130afefff76ec4f,WS-1,EMI01,POA,,standardized,238,2025-12-01 06:49:38.305,2025-12-31 09:59:38.880
RSI_01_PLTS-IKN_WS-1_2025-Dec.xlsx,Desember 2025/WS-1/RSI_01_PLTS-IKN_WS-1_2025-Dec.xlsx,483986,7db5395c62662d907cb98462f4b53a27acf6ddcd58f77da0a9dde57785540238,WS-1,EMI01,RSI,RSI_01,standardized,7207,2025-12-01 06:49:38.305,2025-12-31 15:12:54.118
RSI_02_PLTS-IKN_WS-1_2025-Dec.xlsx,Desember 2025/WS-1/RSI_02_PLTS-IKN_WS-1_2025-Dec.xlsx,483745,cbeba69be38785f35a386e0c49e1bda1ce2633f2756a29b7b6e5ab5f9283bda5,WS-1,EMI01,RSI,RSI_02,standardized,7202,2025-12-01 06:49:38.305,2025-12-31 15:12:24.343
RSI_03_PLTS-IKN_WS-1_2025-Dec.xlsx,Desember 2025/WS-1/RSI_03_PLTS-IKN_WS-1_2025-Dec.xlsx,480376,f2b9c1141c48e2f815ee3d0b7dc8a769d38b0bb0a1c0b6b601dd705df139d883,WS-1,EMI01,RSI,RSI_03,standardized,7027,2025-12-01 06:49:38.305,2025-12-31 15:12:14.423
DHI_PLTS-IKN_WS-2_2025-Dec.xlsx,Desember 2025/WS-2/DHI_PLTS-IKN_WS-2_2025-Dec.xlsx,1143095,c2298da5fcb12c26af06dc54e6b6cc0f1afa1f56c612fe52181dc6fa1044804a,WS-2,EMI02,DHI,,standardized,41846,2025-12-01 06:07:42.407,2025-12-31 18:11:53.177
DNIcosZ_PLTS-IKN_WS-2_2025-Dec.xlsx,Desember 2025/WS-2/DNIcosZ_PLTS-IKN_WS-2_2025-Dec.xlsx,602087,92a2951aa390d31f966f94cd8e0b652fa3fa821e3aa7018a76a4cf36ef9db5bd,WS-2,EMI02,DNIcosZ,,standardized,13171,2025-12-01 10:34:57.775,2025-12-31 12:49:34.447
GHI_PLTS-IKN_WS-2_2025-Dec.xlsx,Desember 2025/WS-2/GHI_PLTS-IKN_WS-2_2025-Dec.xlsx,1205626,3e71db31ebe73fa222fd5aee0313b058eacd6c3b2167485b7c9048244ea0fc58,WS-2,EMI02,GHI,,standardized,44904,2025-12-01 06:07:52.316,2025-12-31 18:12:09.705
POA_PLTS-IKN_WS-2_2025-Dec.xlsx,Desember 2025/WS-2/POA_PLTS-IKN_WS-2_2025-Dec.xlsx,1199004,3a1b2ad686f476849339ec94cc9ad9276798be70b33d98d026ad6f85ca90503f,WS-2,EMI02,POA,,standardized,44566,2025-12-01 06:07:32.501,2025-12-31 18:11:36.633
RSI_01_PLTS-IKN_WS-2_2025-Dec.xlsx,Desember 2025/WS-2/RSI_01_PLTS-IKN_WS-2_2025-Dec.xlsx,572920,bb916c4ec559a8b4004f0e02d3aca64d71c78170147dce823feef5df82f95265,WS-2,EMI02,RSI,RSI_01,standardized,12205,2025-12-01 08:13:07.515,2025-12-31 14:40:58.573
RSI_02_PLTS-IKN_WS-2_2025-Dec.xlsx,Desember 2025/WS-2/RSI_02_PLTS-IKN_WS-2_2025-Dec.xlsx,571054,2b0ac11302f0ee6b88ef5ca888e4edac7df735df86788f3c47eb7b5c4d5ee3c9,WS-2,EMI02,RSI,RSI_02,standardized,12193,2025-12-01 08:26:49.757,2025-12-31 14:39:49.149
RSI_03_PLTS-IKN_WS-2_2025-Dec.xlsx,Desember 2025/WS-2/RSI_03_PLTS-IKN_WS-2_2025-Dec.xlsx,552473,bcb00f41db27731effa1c0c867e5f3faaf74b160411097774505310a884cec94,WS-2,EMI02,RSI,RSI_03,standardized,11159,2025-12-01 08:31:17.197,2025-12-31 14:39:26.044
DHI_PLTS-IKN_WS-3_2025-Dec.xlsx,Desember 2025/WS-3/DHI_PLTS-IKN_WS-3_2025-Dec.xlsx,1196887,dc09f2618edb04604a83c13d8afe6ab8c3ba1d97ee858fae3aa5a90fc4839cca,WS-3,EMI03,DHI,,standardized,44430,2025-12-01 06:07:49.564,2025-12-31 18:11:54.504
DNIcosZ_PLTS-IKN_WS-3_2025-Dec.xlsx,Desember 2025/WS-3/DNIcosZ_PLTS-IKN_WS-3_2025-Dec.xlsx,368013,a5fb3c16c07a2bc1ba2fc0a3fb3f3f88e5f4eab61845d8f2f8725cd084aaab56,WS-3,EMI03,DNIcosZ,,standardized,148,2025-12-05 12:46:47.936,2025-12-05 13:57:01.189
GHI_PLTS-IKN_WS-3_2025-Dec.xlsx,Desember 2025/WS-3/GHI_PLTS-IKN_WS-3_2025-Dec.xlsx,1180576,a58c7a6a2d5462c9827443e705c1ef497b378ed3bec4a82f78873ac524a30040,WS-3,EMI03,GHI,,standardized,43571,2025-12-01 06:08:45.627,2025-12-31 18:12:07.736
POA_PLTS-IKN_WS-3_2025-Dec.xlsx,Desember 2025/WS-3/POA_PLTS-IKN_WS-3_2025-Dec.xlsx,364619,06bb8aa6722f6ec268754c2cd3f447fa49c22091804110f6081d40b857a99768,WS-3,EMI03,POA,,standardized,0,,
RSI_01_PLTS-IKN_WS-3_2025-Dec.xlsx,Desember 2025/WS-3/RSI_01_PLTS-IKN_WS-3_2025-Dec.xlsx,364622,14a6ed6be6d1236067e6f2341a05b8d05782644f92396a870cdaec6b78bbd2d0,WS-3,EMI03,RSI,RSI_01,standardized,0,,
RSI_02_PLTS-IKN_WS-3_2025-Dec.xlsx,Desember 2025/WS-3/RSI_02_PLTS-IKN_WS-3_2025-Dec.xlsx,364622,ee14eb1077e7d9cc3d2c21293ab520ef5c42edbf731be66cf1a796773aa6d1a9,WS-3,EMI03,RSI,RSI_02,standardized,0,,
RSI_03_PLTS-IKN_WS-3_2025-Dec.xlsx,Desember 2025/WS-3/RSI_03_PLTS-IKN_WS-3_2025-Dec.xlsx,364622,e990b60f58c3f0905a9f42a6bb2d4253e47177d00688b68bb39f4cca21df104e,WS-3,EMI03,RSI,RSI_03,standardized,0,,
DHI_PLTS-IKN_WS-4_2025-Dec.xlsx,Desember 2025/WS-4/DHI_PLTS-IKN_WS-4_2025-Dec.xlsx,1228961,9e161e6155fc8470548359a97974e3902f58b3be73e6ef2b3a66ad641b33f546,WS-4,EMI04,DHI,,standardized,46298,2025-12-01 06:08:22.205,2025-12-31 18:12:00.144
DNIcosZ_PLTS-IKN_WS-4_2025-Dec.xlsx,Desember 2025/WS-4/DNIcosZ_PLTS-IKN_WS-4_2025-Dec.xlsx,388944,095f1a542ca9c05218802eee6914b3093015d94441ab4f4649146b6397ba574a,WS-4,EMI04,DNIcosZ,,standardized,1207,2025-12-01 06:49:39.664,2025-12-31 12:48:06.589
GHI_PLTS-IKN_WS-4_2025-Dec.xlsx,Desember 2025/WS-4/GHI_PLTS-IKN_WS-4_2025-Dec.xlsx,1241696,c856f58402e7db6797fb46b2ae8795a2a97ea6986a6df15044f994024e4e3e25,WS-4,EMI04,GHI,,standardized,46912,2025-12-01 06:07:49.204,2025-12-31 18:12:00.144
POA_PLTS-IKN_WS-4_2025-Dec.xlsx,Desember 2025/WS-4/POA_PLTS-IKN_WS-4_2025-Dec.xlsx,1231213,af14ebd64433b29b4d94458eb4179dfd9e4aca9be53cc485d6ba06df607101a2,WS-4,EMI04,POA,,standardized,46404,2025-12-01 06:07:49.204,2025-12-31 18:11:43.616
RSI_01_PLTS-IKN_WS-4_2025-Dec.xlsx,Desember 2025/WS-4/RSI_01_PLTS-IKN_WS-4_2025-Dec.xlsx,364713,c4ae9253d4362abe17305ed518772ce41d83bf455ab6ce76ae4fbe4a081d1c40,WS-4,EMI04,RSI,RSI_01,standardized,3,2025-12-01 06:49:39.664,2025-12-01 08:11:47.483
RSI_02_PLTS-IKN_WS-4_2025-Dec.xlsx,Desember 2025/WS-4/RSI_02_PLTS-IKN_WS-4_2025-Dec.xlsx,473252,8df1c22053936fde98909c04feac3b761da049794f2854a7d7dbfc31c76bad8a,WS-4,EMI04,RSI,RSI_02,standardized,6652,2025-12-01 06:49:39.664,2025-12-31 14:17:24.453
RSI_03_PLTS-IKN_WS-4_2025-Dec.xlsx,Desember 2025/WS-4/RSI_03_PLTS-IKN_WS-4_2025-Dec.xlsx,483037,bd5b8b7f6a972ccddaad90f0417b8fc5806d0b2cbed9888f1fc3e12d3b6ab48c,WS-4,EMI04,RSI,RSI_03,standardized,7246,2025-12-01 06:49:39.664,2025-12-31 14:19:43.114
Total_Irradiance_PLTS-IKN_WS-5_2025-Dec.xlsx,Desember 2025/WS-5/Total_Irradiance_PLTS-IKN_WS-5_2025-Dec.xlsx,1634290,82e3214f852710d6d2138e83076b1e0ee7f422ec0e0d6b2cc7a9174c59d20a07,WS-5,EMI05,GHI,,standardized,52751,2025-12-24 06:19:05.351,2025-12-31 18:11:50.958
DHI_PLTS-IKN_WS-1_2026-Feb.xlsx,February 2026/WS-1/DHI_PLTS-IKN_WS-1_2026-Feb.xlsx,1843180,4b36abd942b6e04c998d5544714b24bdf54b5fe4c38555cfe831c95773be4ff6,WS-1,EMI01,DHI,,standardized,57952,2026-02-01 06:33:33.803,2026-02-28 18:19:07.289
DNIcosZ_PLTS-IKN_WS-1_2026-Feb.xlsx,February 2026/WS-1/DNIcosZ_PLTS-IKN_WS-1_2026-Feb.xlsx,846033,e07fc8b7747dadd7e23087dd658aebede65514cd37c294a0cc21f66cce8381f0,WS-1,EMI01,DNIcosZ,,standardized,17672,2026-02-01 09:51:50.749,2026-02-26 17:54:23.805
GHI_PLTS-IKN_WS-1_2026-Feb.xlsx,February 2026/WS-1/GHI_PLTS-IKN_WS-1_2026-Feb.xlsx,1924665,819b40eabde795108a06d9a1d8f263d0f6c54035e06f30d1fff5fc0f906e2f8c,WS-1,EMI01,GHI,,standardized,61005,2026-02-28 13:14:52.709,2026-02-28 13:14:42.757
POA_PLTS-IKN_WS-1_2026-Feb.xlsx,February 2026/WS-1/POA_PLTS-IKN_WS-1_2026-Feb.xlsx,432189,bf6ac952953aac8fb2c3bf2b0af4ec659a1b2e9ea77bb97cc4627358fffe3ccb,WS-1,EMI01,POA,,standardized,0,,
RSI_01_PLTS-IKN_WS-1_2026-Feb.xlsx,February 2026/WS-1/RSI_01_PLTS-IKN_WS-1_2026-Feb.xlsx,432195,5d21d56a310badce7fe67498eb57707eae4f736287884162db41986f56cabf0c,WS-1,EMI01,RSI,RSI_01,standardized,0,,
RSI_02_PLTS-IKN_WS-1_2026-Feb.xlsx,February 2026/WS-1/RSI_02_PLTS-IKN_WS-1_2026-Feb.xlsx,432194,d1b21494bde2f6de62dbc6cd9a84e45fd7e09e1ed15ec1a1f974ef2f34010a8a,WS-1,EMI01,RSI,RSI_02,standardized,0,,
RSI_03_PLTS-IKN_WS-1_2026-Feb.xlsx,February 2026/WS-1/RSI_03_PLTS-IKN_WS-1_2026-Feb.xlsx,432195,ba55173ced592670c79f0c626f45e46368939c92790fc1ddb1f4318afed009f5,WS-1,EMI01,RSI,RSI_03,standardized,0,,
DHI_PLTS-IKN_WS-2_2026-Feb.xlsx,February 2026/WS-2/DHI_PLTS-IKN_WS-2_2026-Feb.xlsx,1208448,7e19b3837d28df324c94a9baf1044d93d805861b77598cd59cf012cc07ceccc9,WS-2,EMI02,DHI,,standardized,31753,2026-02-01 06:33:10.385,2026-02-24 07:59:56.881
DNIcosZ_PLTS-IKN_WS-2_2026-Feb.xlsx,February 2026/WS-2/DNIcosZ_PLTS-IKN_WS-2_2026-Feb.xlsx,460213,7551ffcea664a9e8647664c6f909af270b0821dabc5fe291daeb5a2a328ca65e,WS-2,EMI02,DNIcosZ,,standardized,1005,2026-02-02 06:58:40.403,2026-02-23 12:51:05.039
GHI_PLTS-IKN_WS-2_2026-Feb.xlsx,February 2026/WS-2/GHI_PLTS-IKN_WS-2_2026-Feb.xlsx,1239727,0142afc75d28d474a5e5e12ae857750d4f9fd24e4b93572416bd130cdec0685c,WS-2,EMI02,GHI,,standardized,32943,2026-02-01 06:32:53.889,2026-02-24 07:59:56.881
POA_PLTS-IKN_WS-2_2026-Feb.xlsx,February 2026/WS-2/POA_PLTS-IKN_WS-2_2026-Feb.xlsx,1239905,c09f09f291da90a0812428af3d450d0fa1c8b329071f0b1212f6e68382bd57d8,WS-2,EMI02,POA,,standardized,32952,2026-02-01 06:32:40.703,2026-02-24 07:59:56.881
RSI_01_PLTS-IKN_WS-2_2026-Feb.xlsx,February 2026/WS-2/RSI_01_PLTS-IKN_WS-2_2026-Feb.xlsx,675655,2d62b4e40f49f4cc319fb03237abb50ec0c3c140363d03d4b0aa54c10e8bed0d,WS-2,EMI02,RSI,RSI_01,standardized,9924,2026-02-01 08:19:33.180,2026-02-23 14:45:21.655
RSI_02_PLTS-IKN_WS-2_2026-Feb.xlsx,February 2026/WS-2/RSI_02_PLTS-IKN_WS-2_2026-Feb.xlsx,633695,f77a20d408cc91eb575282f14de03c3a78a88e85640df07e0d4268a4aa4a8361,WS-2,EMI02,RSI,RSI_02,standardized,8149,2026-02-01 08:24:43.418,2026-02-23 14:20:58.737
RSI_03_PLTS-IKN_WS-2_2026-Feb.xlsx,February 2026/WS-2/RSI_03_PLTS-IKN_WS-2_2026-Feb.xlsx,641943,9c4ea26a4fe4933387df7fed64dfbbc43940c8c8e402b4dc12f68e27d1185ec6,WS-2,EMI02,RSI,RSI_03,standardized,8444,2026-02-01 08:23:37.337,2026-02-23 14:30:36.582
DHI_PLTS-IKN_WS-3_2026-Feb.xlsx,February 2026/WS-3/DHI_PLTS-IKN_WS-3_2026-Feb.xlsx,1396804,9e4509346cd968b426c10506b65b2798a2ea33abaf5dc8ec9b06de9f8433db8b,WS-3,EMI03,DHI,,standardized,39331,2026-02-01 06:33:02.090,2026-02-28 18:21:23.357
DNIcosZ_PLTS-IKN_WS-3_2026-Feb.xlsx,February 2026/WS-3/DNIcosZ_PLTS-IKN_WS-3_2026-Feb.xlsx,452875,2b32d1170a43e212f2fc2fcd5a5abb6e03ceb9dc80149fb2e9d06ef8493f7766,WS-3,EMI03,DNIcosZ,,standardized,818,2026-02-15 16:15:04.584,2026-02-23 10:10:51.022
GHI_PLTS-IKN_WS-3_2026-Feb.xlsx,February 2026/WS-3/GHI_PLTS-IKN_WS-3_2026-Feb.xlsx,1372470,fd8cb99761e57cc37a6783b28b1de9b3809611a11d30861dd4334787acdb3c9b,WS-3,EMI03,GHI,,standardized,38320,2026-02-01 06:33:38.443,2026-02-28 18:20:47.067
POA_PLTS-IKN_WS-3_2026-Feb.xlsx,February 2026/WS-3/POA_PLTS-IKN_WS-3_2026-Feb.xlsx,432188,1c7eb42f3dd2120fbb0b575b36535f082c8a5ec213813781ba8f703875d6e5cd,WS-3,EMI03,POA,,standardized,0,,
RSI_01_PLTS-IKN_WS-3_2026-Feb.xlsx,February 2026/WS-3/RSI_01_PLTS-IKN_WS-3_2026-Feb.xlsx,432194,c7f10e2813c5e48b2b46089630d544860a38cc53016225e52f3b49419c82b9c0,WS-3,EMI03,RSI,RSI_01,standardized,0,,
RSI_02_PLTS-IKN_WS-3_2026-Feb.xlsx,February 2026/WS-3/RSI_02_PLTS-IKN_WS-3_2026-Feb.xlsx,432195,f3f5ce4881f49e75e88d16e04e1972bc0093b6a0628e9b458519d66a8f059f3e,WS-3,EMI03,RSI,RSI_02,standardized,0,,
RSI_03_PLTS-IKN_WS-3_2026-Feb.xlsx,February 2026/WS-3/RSI_03_PLTS-IKN_WS-3_2026-Feb.xlsx,432195,f72e2b016a981df1f601e0aed38d92305c81ecb4d57c22908ba14118cae03638,WS-3,EMI03,RSI,RSI_03,standardized,0,,
DHI_PLTS-IKN_WS-4_2026-Feb.xlsx,February 2026/WS-4/DHI_PLTS-IKN_WS-4_2026-Feb.xlsx,1416380,7cd564053229b17141060b1d8cca2c7cbe33235a7b349866a917d958b5526e3b,WS-4,EMI04,DHI,,standardized,40259,2026-02-01 06:33:26.914,2026-02-28 18:19:53.983
DNIcosZ_PLTS-IKN_WS-4_2026-Feb.xlsx,February 2026/WS-4/DNIcosZ_PLTS-IKN_WS-4_2026-Feb.xlsx,501086,5ed2904046875ffca615ee607ecc2edf63e96ae67d3c0641a1c4a5d5a5c894fc,WS-4,EMI04,DNIcosZ,,standardized,2640,2026-02-03 12:53:50.974,2026-02-28 13:47:19.118
GHI_PLTS-IKN_WS-4_2026-Feb.xlsx,February 2026/WS-4/GHI_PLTS-IKN_WS-4_2026-Feb.xlsx,1449636,db590cd640035eefc8f3d5edb7d995459fc71099920d7bcaefe27c0c0f56fa6f,WS-4,EMI04,GHI,,standardized,41552,2026-02-01 06:32:53.889,2026-02-28 18:20:30.195
POA_PLTS-IKN_WS-4_2026-Feb.xlsx,February 2026/WS-4/POA_PLTS-IKN_WS-4_2026-Feb.xlsx,432191,c1069c515e144c29cc09e93de35712e3b498cc91d95fd76cd1b5fc36d10f764f,WS-4,EMI04,POA,,standardized,0,,
RSI_01_PLTS-IKN_WS-4_2026-Feb.xlsx,February 2026/WS-4/RSI_01_PLTS-IKN_WS-4_2026-Feb.xlsx,432195,7c4fef602ec4c32d8e2988e4b38812d2d950738e5e2183900e26f702cafcaccf,WS-4,EMI04,RSI,RSI_01,standardized,0,,
RSI_02_PLTS-IKN_WS-4_2026-Feb.xlsx,February 2026/WS-4/RSI_02_PLTS-IKN_WS-4_2026-Feb.xlsx,432194,6ad1427958d434b7c8e4c3c929e4c6239b98d639c5f7d243811473132a4f9d2c,WS-4,EMI04,RSI,RSI_02,standardized,0,,
RSI_03_PLTS-IKN_WS-4_2026-Feb.xlsx,February 2026/WS-4/RSI_03_PLTS-IKN_WS-4_2026-Feb.xlsx,613066,c36344a63711e2fb3d01f2ffffb2cbc23b8f11c2caaf17158302fa0481ebcf93,WS-4,EMI04,RSI,RSI_03,standardized,7309,2026-02-01 09:53:58.427,2026-02-28 17:05:37.476
Total_Irradiance_PLTS-IKN_WS-5_2026-Feb.xlsx,February 2026/WS-5/Total_Irradiance_PLTS-IKN_WS-5_2026-Feb.xlsx,10516952,6915f31b28fd0c1d3c5ea828dbddd2a228c57bce18d2a224cf0e2fca81d5ef3d,WS-5,EMI05,GHI,,standardized,498761,2026-02-01 06:15:38.986,2026-02-28 18:34:59.607
DHI_PLTS-IKN_WS-1_2026-Jan.xlsx,January 2026/WS-1/DHI_PLTS-IKN_WS-1_2026-Jan.xlsx,2374416,1e50bbb2a28ceca699929fb38d529ab7aea45a019ba907def383662ed2870b0a,WS-1,EMI01,DHI,,standardized,78821,2026-01-01 06:21:13.554,2026-01-31 18:23:02.349
DNIcosZ_PLTS-IKN_WS-1_2026-Jan.xlsx,January 2026/WS-1/DNIcosZ_PLTS-IKN_WS-1_2026-Jan.xlsx,1500315,43722288a05f7b772ff4751595b16025acb5d3f602c3cd63d9964a2249107344,WS-1,EMI01,DNIcosZ,,standardized,45782,2026-01-01 10:54:53.960,2026-01-31 16:17:42.129
GHI_PLTS-IKN_WS-1_2026-Jan.xlsx,January 2026/WS-1/GHI_PLTS-IKN_WS-1_2026-Jan.xlsx,2457549,fe05e9fea3e17201d394dc6b4b38434de68bcad53c1883c7bf6341b200c1f961,WS-1,EMI01,GHI,,standardized,81832,2026-01-01 06:20:17.128,2026-01-31 18:23:25.610
POA_PLTS-IKN_WS-1_2026-Jan.xlsx,January 2026/WS-1/POA_PLTS-IKN_WS-1_2026-Jan.xlsx,452261,d4e126317fe57d3534b8161245c23b2d027ca5fecee2a6f53679d96d2aaf60f7,WS-1,EMI01,POA,,standardized,203,2026-01-01 10:54:53.960,2026-01-27 17:14:31.979
RSI_01_PLTS-IKN_WS-1_2026-Jan.xlsx,January 2026/WS-1/RSI_01_PLTS-IKN_WS-1_2026-Jan.xlsx,895772,8c42d7f711cc84c25c10655c01cad02fc6fc32abffd155aa7037bce892b6e601,WS-1,EMI01,RSI,RSI_01,standardized,19352,2026-01-01 07:08:51.729,2026-01-27 17:14:31.979
RSI_02_PLTS-IKN_WS-1_2026-Jan.xlsx,January 2026/WS-1/RSI_02_PLTS-IKN_WS-1_2026-Jan.xlsx,891775,88da68575c2631279b6db8f9956a8731fa9c98fa720d494fd7271231be333961,WS-1,EMI01,RSI,RSI_02,standardized,19219,2026-01-01 07:09:14.943,2026-01-27 17:14:31.979
RSI_03_PLTS-IKN_WS-1_2026-Jan.xlsx,January 2026/WS-1/RSI_03_PLTS-IKN_WS-1_2026-Jan.xlsx,883094,32fc0c35a4d2e6162a815ed6fa416299c33823efcaef8843c7a59714289d6f55,WS-1,EMI01,RSI,RSI_03,standardized,18786,2026-01-01 07:07:58.723,2026-01-27 17:14:31.979
DHI_PLTS-IKN_WS-2_2026-Jan.xlsx,January 2026/WS-2/DHI_PLTS-IKN_WS-2_2026-Jan.xlsx,1179156,e6fefceafacdfe1b6c623676131a35369549b0b33c0aea90ac29f694b5f40016,WS-2,EMI02,DHI,,standardized,43658,2026-01-01 06:19:55.663,2026-01-31 18:23:57.197
DNIcosZ_PLTS-IKN_WS-2_2026-Jan.xlsx,January 2026/WS-2/DNIcosZ_PLTS-IKN_WS-2_2026-Jan.xlsx,588903,cd404af0dce1e38b3ab9ca9eefdcca402f24bdaf9aea445103812de1d71b4a69,WS-2,EMI02,DNIcosZ,,standardized,12504,2026-01-01 10:45:58.181,2026-01-21 15:07:57.293
GHI_PLTS-IKN_WS-2_2026-Jan.xlsx,January 2026/WS-2/GHI_PLTS-IKN_WS-2_2026-Jan.xlsx,1236111,b285d08eb3bc3d9d28b2dfb7c54fb90467058970d30c4ccbfd4983a08fb05497,WS-2,EMI02,GHI,,standardized,46475,2026-01-01 06:19:42.415,2026-01-31 18:23:57.197
POA_PLTS-IKN_WS-2_2026-Jan.xlsx,January 2026/WS-2/POA_PLTS-IKN_WS-2_2026-Jan.xlsx,1230607,1a7dabd03d65b1c705da7df1a17184b67d7902cd87e2292445e50a5bd383ae70,WS-2,EMI02,POA,,standardized,46248,2026-01-01 06:20:28.704,2026-01-31 18:24:13.694
RSI_01_PLTS-IKN_WS-2_2026-Jan.xlsx,January 2026/WS-2/RSI_01_PLTS-IKN_WS-2_2026-Jan.xlsx,622969,15f003ddd12928ace2940443059aea22788a541429418ef2cc3683cce017d20b,WS-2,EMI02,RSI,RSI_01,standardized,15065,2026-01-01 07:10:49.659,2026-01-31 16:34:43.453
RSI_02_PLTS-IKN_WS-2_2026-Jan.xlsx,January 2026/WS-2/RSI_02_PLTS-IKN_WS-2_2026-Jan.xlsx,601275,46d475202cabf1127647e462d07908cd6abb17e5ba45fd16bb024206d3b153a1,WS-2,EMI02,RSI,RSI_02,standardized,13913,2026-01-01 07:11:12.780,2026-01-31 16:30:15.925
RSI_03_PLTS-IKN_WS-2_2026-Jan.xlsx,January 2026/WS-2/RSI_03_PLTS-IKN_WS-2_2026-Jan.xlsx,596490,cadc4d8ccfa90150749202407755e440c6dec361873196b9114d3b270ed7570f,WS-2,EMI02,RSI,RSI_03,standardized,13600,2026-01-01 07:11:59.068,2026-01-31 16:30:35.750
DHI_PLTS-IKN_WS-3_2026-Jan.xlsx,January 2026/WS-3/DHI_PLTS-IKN_WS-3_2026-Jan.xlsx,1226530,b85af560c567fa0bbc5e36eaa06124d2dda6bbe08288dea11d4c77f68aae1e5c,WS-3,EMI03,DHI,,standardized,45991,2026-01-01 06:20:06.755,2026-01-31 18:24:24.349
DNIcosZ_PLTS-IKN_WS-3_2026-Jan.xlsx,January 2026/WS-3/DNIcosZ_PLTS-IKN_WS-3_2026-Jan.xlsx,364611,7c58516eae4a43c01c2dfbf24cefa9f8c9c1f6e40f6a12f3a373ada1cffd4af2,WS-3,EMI03,DNIcosZ,,standardized,0,,
GHI_PLTS-IKN_WS-3_2026-Jan.xlsx,January 2026/WS-3/GHI_PLTS-IKN_WS-3_2026-Jan.xlsx,1207454,d221a051d8b02ae327b75c035287db5b0036afa0ff976b5e1260a7fd8a6220ba,WS-3,EMI03,GHI,,standardized,44966,2026-01-01 06:21:29.333,2026-01-31 18:23:34.796
POA_PLTS-IKN_WS-3_2026-Jan.xlsx,January 2026/WS-3/POA_PLTS-IKN_WS-3_2026-Jan.xlsx,364606,3516bc21f64a67b8647a37b473b5fe5b9f553064c08324b1e3d569b900d93d29,WS-3,EMI03,POA,,standardized,0,,
RSI_01_PLTS-IKN_WS-3_2026-Jan.xlsx,January 2026/WS-3/RSI_01_PLTS-IKN_WS-3_2026-Jan.xlsx,364606,f27b03b613dbae3d0056f63aa6109ad81e858db34a018675f90c894c7c615e29,WS-3,EMI03,RSI,RSI_01,standardized,0,,
RSI_02_PLTS-IKN_WS-3_2026-Jan.xlsx,January 2026/WS-3/RSI_02_PLTS-IKN_WS-3_2026-Jan.xlsx,364608,0684d662b44182ef280d373eb73b5846cf50c820aa031d90387c535460272fa1,WS-3,EMI03,RSI,RSI_02,standardized,0,,
RSI_03_PLTS-IKN_WS-3_2026-Jan.xlsx,January 2026/WS-3/RSI_03_PLTS-IKN_WS-3_2026-Jan.xlsx,364606,95639a3a8d9c33f1f54188bed1cccec24977637b5710b993babe69d5959ae630,WS-3,EMI03,RSI,RSI_03,standardized,0,,
DHI_PLTS-IKN_WS-4_2026-Jan.xlsx,January 2026/WS-4/DHI_PLTS-IKN_WS-4_2026-Jan.xlsx,1253661,57ca501df3444b01e003e81e80517389b907823c7883e0176b09725f168a4a84,WS-4,EMI04,DHI,,standardized,47437,2026-01-01 06:20:45.216,2026-01-31 18:23:47.293
DNIcosZ_PLTS-IKN_WS-4_2026-Jan.xlsx,January 2026/WS-4/DNIcosZ_PLTS-IKN_WS-4_2026-Jan.xlsx,372639,99fea8aba2c0449a8cab8c25c18d1d70d02c315813c63e98a8ed19548d537437,WS-4,EMI04,DNIcosZ,,standardized,396,2026-01-01 11:52:33.405,2026-01-29 13:54:17.306
GHI_PLTS-IKN_WS-4_2026-Jan.xlsx,January 2026/WS-4/GHI_PLTS-IKN_WS-4_2026-Jan.xlsx,1267080,d6d6e5782f4346f6ae5c5f1d024cd94d073bc47d8afc79b05027875b65c0d380,WS-4,EMI04,GHI,,standardized,48061,2026-01-01 06:20:45.216,2026-01-31 18:24:07.086
POA_PLTS-IKN_WS-4_2026-Jan.xlsx,January 2026/WS-4/POA_PLTS-IKN_WS-4_2026-Jan.xlsx,483296,d4188e4e84f07c107e5e27599e7fdfd3d81796436e2328d41d840787aada7a0a,WS-4,EMI04,POA,,standardized,6693,2026-01-01 06:21:01.682,2026-01-05 12:53:23.741
RSI_01_PLTS-IKN_WS-4_2026-Jan.xlsx,January 2026/WS-4/RSI_01_PLTS-IKN_WS-4_2026-Jan.xlsx,364605,4cdcd7821c3db597b8399cc04700f2eaa8ddb60f27e9620b50352e452ed56acd,WS-4,EMI04,RSI,RSI_01,standardized,0,,
RSI_02_PLTS-IKN_WS-4_2026-Jan.xlsx,January 2026/WS-4/RSI_02_PLTS-IKN_WS-4_2026-Jan.xlsx,384148,e7262d980f88c0b7317b09068c569d848362891439558b877253e87d73e7cc96,WS-4,EMI04,RSI,RSI_02,standardized,1023,2026-01-01 10:57:32.142,2026-01-05 11:36:36.107
RSI_03_PLTS-IKN_WS-4_2026-Jan.xlsx,January 2026/WS-4/RSI_03_PLTS-IKN_WS-4_2026-Jan.xlsx,530321,5107271d171e78493f5ad220325fad35e96f85b85fd507551afb9f506bc4c523,WS-4,EMI04,RSI,RSI_03,standardized,10043,2026-01-01 10:46:41.875,2026-01-31 16:20:53.593
Total_Irradiance_PLTS-IKN_WS-5_2026-Jan.xlsx,January 2026/WS-5/Total_Irradiance_PLTS-IKN_WS-5_2026-Jan.xlsx,11035238,890ac672852571d1aa7dfaa4d04a1a99cc15f76ec31f52e3d5631c0536e39908,WS-5,EMI05,GHI,,standardized,526890,2026-01-01 06:20:25.642,2026-01-31 18:39:02.666
DHI_PLTS-IKN_WS-1_2026-Juni.xlsx,Juni 2026/WS-1/DHI_PLTS-IKN_WS-1_2026-Juni.xlsx,792100,f80b1c0137127ebd0fa1f9cf005610602fd43595fa659bbca697a05618e9d489,WS-1,EMI01,DHI,,standardized,14342,2026-06-01 06:11:48.054,2026-06-30 14:38:24.472
DNIcosZ_PLTS-IKN_WS-1_2026-Juni.xlsx,Juni 2026/WS-1/DNIcosZ_PLTS-IKN_WS-1_2026-Juni.xlsx,443787,54cec4a63b9a2625ca6c72af1829276b133461dde7a335c1a2ae48df11f4e7b1,WS-1,EMI01,DNIcosZ,,standardized,283,2026-06-01 07:24:17.852,2026-06-30 14:38:24.472
GHI_PLTS-IKN_WS-1_2026-Juni.xlsx,Juni 2026/WS-1/GHI_PLTS-IKN_WS-1_2026-Juni.xlsx,1033872,4339af78984e89742c1defc7f5b4d478483bf534349001298bdb862c25ef77d5,WS-1,EMI01,GHI,,standardized,24182,2026-06-01 07:24:17.852,2026-06-30 18:00:11.192
POA_PLTS-IKN_WS-1_2026-Juni.xlsx,Juni 2026/WS-1/POA_PLTS-IKN_WS-1_2026-Juni.xlsx,1579272,f4e97a49a0eacd334d540dd3745518a19411d089b02110b0c0b90400e96053cd,WS-1,EMI01,POA,,standardized,47555,2026-06-01 07:24:17.852,2026-06-30 18:00:17.769
RSI_01_PLTS-IKN_WS-1_2026-Juni.xlsx,Juni 2026/WS-1/RSI_01_PLTS-IKN_WS-1_2026-Juni.xlsx,443441,5c99f58bedf33ad69b1497f6fb5221228311677c19c91aba945adaaedbbe2bb8,WS-1,EMI01,RSI,RSI_01,standardized,281,2026-06-01 07:24:17.852,2026-06-30 14:38:24.472
RSI_02_PLTS-IKN_WS-1_2026-Juni.xlsx,Juni 2026/WS-1/RSI_02_PLTS-IKN_WS-1_2026-Juni.xlsx,443706,6cf496fa8b2065ec11f826d3c78d5fdde5b31ec1765fe67bb5857721e969de39,WS-1,EMI01,RSI,RSI_02,standardized,281,2026-06-01 07:24:17.852,2026-06-30 14:38:24.472
RSI_03_PLTS-IKN_WS-1_2026-Juni.xlsx,Juni 2026/WS-1/RSI_03_PLTS-IKN_WS-1_2026-Juni.xlsx,443704,b9a67272714c81318a59dde4269904cd0871d5e874b7eff7be3c55d9a5acd5d0,WS-1,EMI01,RSI,RSI_03,standardized,281,2026-06-01 07:24:17.852,2026-06-30 14:38:24.472
DHI_PLTS-IKN_WS-2_2026-Juni.xlsx,Juni 2026/WS-2/DHI_PLTS-IKN_WS-2_2026-Juni.xlsx,1212379,767ac3c8c59b5d50f52e29f2f99c0e6eab92f457ead97cf7a56ec75941bb59ee,WS-2,EMI02,DHI,,standardized,31683,2026-06-01 07:24:18.087,2026-06-30 18:00:47.669
DNIcosZ_PLTS-IKN_WS-2_2026-Juni.xlsx,Juni 2026/WS-2/DNIcosZ_PLTS-IKN_WS-2_2026-Juni.xlsx,456050,22e621e54f7da59563e79b3fe34c6ee4da44fc165e601ddb70872c1e5a2a6d27,WS-2,EMI02,DNIcosZ,,standardized,714,2026-06-01 07:24:18.087,2026-06-30 14:38:25.113
GHI_PLTS-IKN_WS-2_2026-Juni.xlsx,Juni 2026/WS-2/GHI_PLTS-IKN_WS-2_2026-Juni.xlsx,1222121,ec2af14cb225ed36edf2994607e86a07af78983d2e8b423a6d9bba9db8777378,WS-2,EMI02,GHI,,standardized,32023,2026-06-01 07:24:18.087,2026-06-30 18:00:57.558
POA_PLTS-IKN_WS-2_2026-Juni.xlsx,Juni 2026/WS-2/POA_PLTS-IKN_WS-2_2026-Juni.xlsx,1233784,e5c8878b40da27365a93ad0130c3cadc96e7d9540cf78bb8056d64a621a2dbf0,WS-2,EMI02,POA,,standardized,32510,2026-06-01 07:24:18.087,2026-06-30 18:01:20.647
RSI_01_PLTS-IKN_WS-2_2026-Juni.xlsx,Juni 2026/WS-2/RSI_01_PLTS-IKN_WS-2_2026-Juni.xlsx,665732,f66b337b38fa1b9163d29ee94defa352db3293f40d4e7a77273460d517abee21,WS-2,EMI02,RSI,RSI_01,standardized,9374,2026-06-01 07:24:18.087,2026-06-30 16:28:03.064
RSI_02_PLTS-IKN_WS-2_2026-Juni.xlsx,Juni 2026/WS-2/RSI_02_PLTS-IKN_WS-2_2026-Juni.xlsx,660268,98d943337b92a66a3931db09568961f8b96e7f5c18411b52d0b669d8385a96a2,WS-2,EMI02,RSI,RSI_02,standardized,9152,2026-06-01 07:24:18.087,2026-06-30 16:26:53.766
RSI_03_PLTS-IKN_WS-2_2026-Juni.xlsx,Juni 2026/WS-2/RSI_03_PLTS-IKN_WS-2_2026-Juni.xlsx,667951,699cc9c5dbb7cb7debfe859278be116635975f9e24b3f68ea05e380b353c70b6,WS-2,EMI02,RSI,RSI_03,standardized,9514,2026-06-01 07:24:18.087,2026-06-30 16:28:03.064
DHI_PLTS-IKN_WS-3_2026-Juni.xlsx,Juni 2026/WS-3/DHI_PLTS-IKN_WS-3_2026-Juni.xlsx,1586662,e0c8e7053ca971a67b18f4579ab14155f23cd4dda783b6a69f00775bee91274a,WS-3,EMI03,DHI,,standardized,46968,2026-06-01 06:08:41.513,2026-06-30 18:01:33.817
DNIcosZ_PLTS-IKN_WS-3_2026-Juni.xlsx,Juni 2026/WS-3/DNIcosZ_PLTS-IKN_WS-3_2026-Juni.xlsx,446931,ffa0ccc9f65c0a7e19f23dd0d4ba0673625daddd2e1009c59ba722a25c5b5efc,WS-3,EMI03,DNIcosZ,,standardized,403,2026-06-01 07:24:17.306,2026-06-30 14:38:23.957
GHI_PLTS-IKN_WS-3_2026-Juni.xlsx,Juni 2026/WS-3/GHI_PLTS-IKN_WS-3_2026-Juni.xlsx,1538693,54a9f37cc412bec574d056abb89a391832a01db55b3f39dc144c51150244a662,WS-3,EMI03,GHI,,standardized,45025,2026-06-01 06:11:10.093,2026-06-30 18:00:21.346
POA_PLTS-IKN_WS-3_2026-Juni.xlsx,Juni 2026/WS-3/POA_PLTS-IKN_WS-3_2026-Juni.xlsx,443790,b58edee92ee16dc9ce5868fdba1472f895079e3c445f98ce10ec913a32f38342,WS-3,EMI03,POA,,standardized,271,2026-06-01 07:24:17.306,2026-06-30 14:38:23.957
RSI_01_PLTS-IKN_WS-3_2026-Juni.xlsx,Juni 2026/WS-3/RSI_01_PLTS-IKN_WS-3_2026-Juni.xlsx,443432,9a35f285b36cae9e907cf4e86ad77f7b27b28a7167f98d3421ef4a663f2f9c3b,WS-3,EMI03,RSI,RSI_01,standardized,271,2026-06-01 07:24:17.306,2026-06-30 14:38:23.957
RSI_02_PLTS-IKN_WS-3_2026-Juni.xlsx,Juni 2026/WS-3/RSI_02_PLTS-IKN_WS-3_2026-Juni.xlsx,443338,88282a80c84c4122ed9798bf088b607adf49d7ce98380df970200186059ee9c9,WS-3,EMI03,RSI,RSI_02,standardized,271,2026-06-01 07:24:17.306,2026-06-30 14:38:23.957
RSI_03_PLTS-IKN_WS-3_2026-Juni.xlsx,Juni 2026/WS-3/RSI_03_PLTS-IKN_WS-3_2026-Juni.xlsx,443396,ec2acf26d402fe60afe6c5bbb0a1ccc64370c831a0602c0e7c7b4c903825ca85,WS-3,EMI03,RSI,RSI_03,standardized,271,2026-06-01 07:24:17.306,2026-06-30 14:38:23.957
DHI_PLTS-IKN_WS-4_2026-Juni.xlsx,Juni 2026/WS-4/DHI_PLTS-IKN_WS-4_2026-Juni.xlsx,1700319,b1c0e7f70f0d1946e509fee1f287e9a8b3d01958e8e786dad5caa0bec3dd187e,WS-4,EMI04,DHI,,standardized,51722,2026-06-01 06:11:24.997,2026-06-30 17:58:41.647
DNIcosZ_PLTS-IKN_WS-4_2026-Juni.xlsx,Juni 2026/WS-4/DNIcosZ_PLTS-IKN_WS-4_2026-Juni.xlsx,584319,dd6c868aab2f6b7fd3d0f9c3f6dfce9432b19dcd6bbcb28ecb857f7753ed167a,WS-4,EMI04,DNIcosZ,,standardized,5875,2026-06-01 10:55:48.226,2026-06-30 14:41:12.423
GHI_PLTS-IKN_WS-4_2026-Juni.xlsx,Juni 2026/WS-4/GHI_PLTS-IKN_WS-4_2026-Juni.xlsx,1749070,88048adc650119b666f4deeba4f0d00cadf4063d226c1e4b93984d36da06d624,WS-4,EMI04,GHI,,standardized,53445,2026-06-01 06:10:55.315,2026-06-30 17:59:27.841
POA_PLTS-IKN_WS-4_2026-Juni.xlsx,Juni 2026/WS-4/POA_PLTS-IKN_WS-4_2026-Juni.xlsx,435969,681485e24d7801a0944d79226a1b565717bbdf12dfbf6b6d8b5f5358261c4a0a,WS-4,EMI04,POA,,standardized,0,,
RSI_01_PLTS-IKN_WS-4_2026-Juni.xlsx,Juni 2026/WS-4/RSI_01_PLTS-IKN_WS-4_2026-Juni.xlsx,435968,01d1f78f2630256b058fe04aea9fbef36141ee2dd82693b4270a82a0dff8049a,WS-4,EMI04,RSI,RSI_01,standardized,0,,
RSI_02_PLTS-IKN_WS-4_2026-Juni.xlsx,Juni 2026/WS-4/RSI_02_PLTS-IKN_WS-4_2026-Juni.xlsx,435965,c6fe86f214a79168d12567781c52688c87e0f93bcd769b1f991f3ee74329ef82,WS-4,EMI04,RSI,RSI_02,standardized,0,,
RSI_03_PLTS-IKN_WS-4_2026-Juni.xlsx,Juni 2026/WS-4/RSI_03_PLTS-IKN_WS-4_2026-Juni.xlsx,734371,730c90d7d7d16693f4543250a5a57bf7a5ad437478f66a93949e4b426101e2d0,WS-4,EMI04,RSI,RSI_03,standardized,12359,2026-06-01 07:52:21.286,2026-06-30 16:22:39.941
Total_Irradiance_PLTS-IKN_WS-5_2026-Juni.xlsx,Juni 2026/WS-5/Total_Irradiance_PLTS-IKN_WS-5_2026-Juni.xlsx,11278622,362e6569c92ba8bf3f5683849ab066b3d3f7bd9c7fe0ba1ecf778bff9f4f2738,WS-5,EMI05,GHI,,standardized,533171,2026-06-01 05:53:12.603,2026-06-30 23:52:08.111
DHI_PLTS-IKN_WS-1_2026-Mar.xlsx,Maret 2026/WS-1/DHI_PLTS-IKN_WS-1_2026-Mar.xlsx,2076164,e6989a4ccd9a8f566be302f6223848f271ee16d710180da182da4dfae3117c69,WS-1,EMI01,DHI,,standardized,66852,2026-03-28 15:18:14.756,2026-03-28 15:17:25.303
DNIcosZ_PLTS-IKN_WS-1_2026-Mar.xlsx,Maret 2026/WS-1/DNIcosZ_PLTS-IKN_WS-1_2026-Mar.xlsx,436854,a25d0e57330b4fd0fbb07ec99206ff9d3326c97c9cb1df095507b497ddcbc4b6,WS-1,EMI01,DNIcosZ,,standardized,10,2026-03-03 15:28:32.897,2026-03-18 22:54:31.756
GHI_PLTS-IKN_WS-1_2026-Mar.xlsx,Maret 2026/WS-1/GHI_PLTS-IKN_WS-1_2026-Mar.xlsx,2235728,a129cc751b7f6f8a85017677390805ff5f63cf138ed27303b1a2457231eb4ab3,WS-1,EMI01,GHI,,standardized,72845,2026-03-01 06:29:26.746,2026-03-31 18:04:29.522
POA_PLTS-IKN_WS-1_2026-Mar.xlsx,Maret 2026/WS-1/POA_PLTS-IKN_WS-1_2026-Mar.xlsx,435965,f66563f9792acdf70fe8d65ffa192ae570e6809f620a73d1b3db3e086de414b1,WS-1,EMI01,POA,,standardized,2,2026-03-13 17:14:22.922,2026-03-18 22:54:31.756
RSI_01_PLTS-IKN_WS-1_2026-Mar.xlsx,Maret 2026/WS-1/RSI_01_PLTS-IKN_WS-1_2026-Mar.xlsx,435966,ddb47b4d6e61a13ca577377c5eae355b679da94b6589b980cad2d44231565407,WS-1,EMI01,RSI,RSI_01,standardized,2,2026-03-13 17:14:22.922,2026-03-18 22:54:31.756
RSI_02_PLTS-IKN_WS-1_2026-Mar.xlsx,Maret 2026/WS-1/RSI_02_PLTS-IKN_WS-1_2026-Mar.xlsx,435970,5afb82a8ff86ebf0c51a54a85df065af03399753038c5ed3e1671560c2a13c1c,WS-1,EMI01,RSI,RSI_02,standardized,2,2026-03-13 17:14:22.922,2026-03-18 22:54:31.756
RSI_03_PLTS-IKN_WS-1_2026-Mar.xlsx,Maret 2026/WS-1/RSI_03_PLTS-IKN_WS-1_2026-Mar.xlsx,435969,034bc2404b4b149f4a7c062bcb2029936f68d3810def51419a4bc00edeca8f9f,WS-1,EMI01,RSI,RSI_03,standardized,2,2026-03-13 17:14:22.922,2026-03-18 22:54:31.756
DHI_PLTS-IKN_WS-2_2026-Mar.xlsx,Maret 2026/WS-2/DHI_PLTS-IKN_WS-2_2026-Mar.xlsx,435600,49df06bb86c5d2b1f3fd73b7a5872398cfb7d77602574db065ae739147866b51,WS-2,EMI02,DHI,,standardized,2,2026-03-13 17:14:16.189,2026-03-18 22:54:53.131
DNIcosZ_PLTS-IKN_WS-2_2026-Mar.xlsx,Maret 2026/WS-2/DNIcosZ_PLTS-IKN_WS-2_2026-Mar.xlsx,435978,7e4a074e5ca3adedccb9674e4c26e4dae2e919bb9dd4f49a98406d51e4c9225e,WS-2,EMI02,DNIcosZ,,standardized,2,2026-03-13 17:14:16.189,2026-03-18 22:54:53.131
GHI_PLTS-IKN_WS-2_2026-Mar.xlsx,Maret 2026/WS-2/GHI_PLTS-IKN_WS-2_2026-Mar.xlsx,435998,3e815f124973b99f5dcf88acce21cda08ae408fa084fae0a8ee3c966189acf8d,WS-2,EMI02,GHI,,standardized,2,2026-03-13 17:14:16.189,2026-03-18 22:54:53.131
POA_PLTS-IKN_WS-2_2026-Mar.xlsx,Maret 2026/WS-2/POA_PLTS-IKN_WS-2_2026-Mar.xlsx,435602,99f3cc00eac667f3e62c490eaedb9e3739d3bd277f48e3a293da68d2cd34bb15,WS-2,EMI02,POA,,standardized,2,2026-03-13 17:14:16.189,2026-03-18 22:54:53.131
RSI_01_PLTS-IKN_WS-2_2026-Mar.xlsx,Maret 2026/WS-2/RSI_01_PLTS-IKN_WS-2_2026-Mar.xlsx,435975,759af2cf1e85b6f4fe480b3c534061b8d8c39eb96d2fc01253838de445316a7d,WS-2,EMI02,RSI,RSI_01,standardized,2,2026-03-13 17:14:16.189,2026-03-18 22:54:53.131
RSI_02_PLTS-IKN_WS-2_2026-Mar.xlsx,Maret 2026/WS-2/RSI_02_PLTS-IKN_WS-2_2026-Mar.xlsx,435976,1b135d4f1497d2370922d510104c9b67a11b73b74205f66f219d39f27b7927cb,WS-2,EMI02,RSI,RSI_02,standardized,2,2026-03-13 17:14:16.189,2026-03-18 22:54:53.131
RSI_03_PLTS-IKN_WS-2_2026-Mar.xlsx,Maret 2026/WS-2/RSI_03_PLTS-IKN_WS-2_2026-Mar.xlsx,435945,d895fdd5e233430f4667b5436e3d8c9fc90d38c5ccf9e76af6c66301c68c9151,WS-2,EMI02,RSI,RSI_03,standardized,2,2026-03-13 17:14:16.189,2026-03-18 22:54:53.147
DHI_PLTS-IKN_WS-3_2026-Mar.xlsx,Maret 2026/WS-3/DHI_PLTS-IKN_WS-3_2026-Mar.xlsx,1567344,f75ac3f6f62c61c775b349d1d498db6f4dda10ac8a5f3717299146773879e683,WS-3,EMI03,DHI,,standardized,46150,2026-03-01 06:29:12.671,2026-03-31 18:05:44.631
DNIcosZ_PLTS-IKN_WS-3_2026-Mar.xlsx,Maret 2026/WS-3/DNIcosZ_PLTS-IKN_WS-3_2026-Mar.xlsx,440862,0f5dd08fe93986db002a5ee9de52995de74d4af5c6eb637e27bba880f2716523,WS-3,EMI03,DNIcosZ,,standardized,159,2026-03-04 11:47:57.812,2026-03-18 22:54:32.381
GHI_PLTS-IKN_WS-3_2026-Mar.xlsx,Maret 2026/WS-3/GHI_PLTS-IKN_WS-3_2026-Mar.xlsx,1531745,ce566ae3390cb81f06d635a24936434ffccf13e537f27b3e61cc8847ec302559,WS-3,EMI03,GHI,,standardized,44721,2026-03-01 06:31:34.675,2026-03-31 18:05:44.631
POA_PLTS-IKN_WS-3_2026-Mar.xlsx,Maret 2026/WS-3/POA_PLTS-IKN_WS-3_2026-Mar.xlsx,435938,c8bdb15d1b2d47ff631e3a33a80956cdab25154b0baf95b1a567e8ba93924a65,WS-3,EMI03,POA,,standardized,2,2026-03-13 17:14:15.439,2026-03-18 22:54:32.381
RSI_01_PLTS-IKN_WS-3_2026-Mar.xlsx,Maret 2026/WS-3/RSI_01_PLTS-IKN_WS-3_2026-Mar.xlsx,435947,bb86677540d19cc14d6342e8fc06d5fda1b4daff7bec4ac833bb07a8a7f08230,WS-3,EMI03,RSI,RSI_01,standardized,2,2026-03-13 17:14:15.439,2026-03-18 22:54:32.381
RSI_02_PLTS-IKN_WS-3_2026-Mar.xlsx,Maret 2026/WS-3/RSI_02_PLTS-IKN_WS-3_2026-Mar.xlsx,435947,eb8e558a5cf2644de7a10cde6f89a773bec5f2c8f65be87784e9eb17ccba00d6,WS-3,EMI03,RSI,RSI_02,standardized,2,2026-03-13 17:14:15.439,2026-03-18 22:54:32.381
RSI_03_PLTS-IKN_WS-3_2026-Mar.xlsx,Maret 2026/WS-3/RSI_03_PLTS-IKN_WS-3_2026-Mar.xlsx,435945,96ad214b47fdc018a7cbec21007c41f72e128f30c85f140a635ef76b3d4b0493,WS-3,EMI03,RSI,RSI_03,standardized,2,2026-03-13 17:14:15.439,2026-03-18 22:54:32.381
DHI_PLTS-IKN_WS-4_2026-Mar.xlsx,Maret 2026/WS-4/DHI_PLTS-IKN_WS-4_2026-Mar.xlsx,1698533,27752a856740a42bcb096077b6a2be55dbd71cb960cbd41419aa6a050791f0b0,WS-4,EMI04,DHI,,standardized,51691,2026-03-01 06:29:50.867,2026-03-31 17:40:27.897
DNIcosZ_PLTS-IKN_WS-4_2026-Mar.xlsx,Maret 2026/WS-4/DNIcosZ_PLTS-IKN_WS-4_2026-Mar.xlsx,680876,31fe1f889386c9295a4942fdd617c827977a24fc6873e79af9cd424d635c286c,WS-4,EMI04,DNIcosZ,,standardized,9793,2026-03-01 07:02:51.949,2026-03-31 12:41:37.319
GHI_PLTS-IKN_WS-4_2026-Mar.xlsx,Maret 2026/WS-4/GHI_PLTS-IKN_WS-4_2026-Mar.xlsx,1793934,5b9e05c0770b7f94c2fa34c3c69d278c8c5f0490a6a4655ac624fef117ae9f58,WS-4,EMI04,GHI,,standardized,55164,2026-03-01 06:29:27.746,2026-03-31 18:03:18.444
POA_PLTS-IKN_WS-4_2026-Mar.xlsx,Maret 2026/WS-4/POA_PLTS-IKN_WS-4_2026-Mar.xlsx,435969,5a6f0ecc2cff07806112f4dc4cc96142ddac183aff838fd27c3d2c0cb43afe2b,WS-4,EMI04,POA,,standardized,2,2026-03-13 17:14:15.643,2026-03-18 22:54:53.131
RSI_01_PLTS-IKN_WS-4_2026-Mar.xlsx,Maret 2026/WS-4/RSI_01_PLTS-IKN_WS-4_2026-Mar.xlsx,435948,266a1611b5c3e933ba95a8959d8313a50f3298c0b46f50fe1c42e934097700c3,WS-4,EMI04,RSI,RSI_01,standardized,2,2026-03-13 17:14:15.643,2026-03-18 22:54:53.147
RSI_02_PLTS-IKN_WS-4_2026-Mar.xlsx,Maret 2026/WS-4/RSI_02_PLTS-IKN_WS-4_2026-Mar.xlsx,435948,07b5bbb040d0cc164ce6fec2a147e2c1e81af5ea9b7c521a4dd7fbf41d22c178,WS-4,EMI04,RSI,RSI_02,standardized,2,2026-03-13 17:14:15.643,2026-03-18 22:54:53.147
RSI_03_PLTS-IKN_WS-4_2026-Mar.xlsx,Maret 2026/WS-4/RSI_03_PLTS-IKN_WS-4_2026-Mar.xlsx,704470,5aa3a06af31846a98955a0fb7730e5e22eb67a6644f98066cc5e9393f882e90c,WS-4,EMI04,RSI,RSI_03,standardized,11070,2026-03-01 08:07:11.960,2026-03-31 15:26:13.381
Total_Irradiance_PLTS-IKN_WS-5_2026-Mar.xlsx,Maret 2026/WS-5/Total_Irradiance_PLTS-IKN_WS-5_2026-Mar.xlsx,12309580,84490054e2645d8b4b37e84189b668dd2048b50172955ad39947fd19ac68668a,WS-5,EMI05,GHI,,standardized,584942,2026-03-01 00:46:50.585,2026-03-31 21:29:03.397
DHI_PLTS-IKN_WS-1_2026-Mei.xlsx,Mei 2026/WS-1/DHI_PLTS-IKN_WS-1_2026-Mei.xlsx,1355705,6cc86d54aceaaefb28bce3f680823cf0fbca0a1eed81c38b7ce3b964416b2b1a,WS-1,EMI01,DHI,,standardized,38027,2026-05-01 06:22:51.803,2026-05-31 19:49:30.963
DNIcosZ_PLTS-IKN_WS-1_2026-Mei.xlsx,Mei 2026/WS-1/DNIcosZ_PLTS-IKN_WS-1_2026-Mei.xlsx,438415,3e427719585e9cfd466470bf422c4506fa006ff0365b2c16ddef729332022aff,WS-1,EMI01,DNIcosZ,,standardized,81,2026-05-21 17:46:17.738,2026-05-31 19:49:30.963
GHI_PLTS-IKN_WS-1_2026-Mei.xlsx,Mei 2026/WS-1/GHI_PLTS-IKN_WS-1_2026-Mei.xlsx,1135741,64655483e102ab04f44cb0514a22213382b0c8f7c62d56aabe1918eee52e87be,WS-1,EMI01,GHI,,standardized,28925,2026-05-01 06:22:58.397,2026-05-31 19:49:30.963
POA_PLTS-IKN_WS-1_2026-Mei.xlsx,Mei 2026/WS-1/POA_PLTS-IKN_WS-1_2026-Mei.xlsx,438524,c19be2a4c3af5c0be7ae4292ce23f9c50a7617e0e46ac7667801b33fe6a4ea95,WS-1,EMI01,POA,,standardized,81,2026-05-21 17:46:17.738,2026-05-31 19:49:30.963
RSI_01_PLTS-IKN_WS-1_2026-Mei.xlsx,Mei 2026/WS-1/RSI_01_PLTS-IKN_WS-1_2026-Mei.xlsx,438471,04ea8a830bb81deb8554b523a333fdf34fb07a0af0a55f78a3566b3b8d97af62,WS-1,EMI01,RSI,RSI_01,standardized,81,2026-05-21 17:46:17.738,2026-05-31 19:49:30.963
RSI_02_PLTS-IKN_WS-1_2026-Mei.xlsx,Mei 2026/WS-1/RSI_02_PLTS-IKN_WS-1_2026-Mei.xlsx,438302,7de5c0372556041a45064f28357772f2a4f8580be2656a6637395cd18f5af703,WS-1,EMI01,RSI,RSI_02,standardized,81,2026-05-21 17:46:17.738,2026-05-31 19:49:30.963
RSI_03_PLTS-IKN_WS-1_2026-Mei.xlsx,Mei 2026/WS-1/RSI_03_PLTS-IKN_WS-1_2026-Mei.xlsx,438304,d49632dc1099d06a987183fba88b766c4eb734755d8b6f8db5a92e1c04b5821f,WS-1,EMI01,RSI,RSI_03,standardized,81,2026-05-21 17:46:17.739,2026-05-31 19:49:30.963
DHI_PLTS-IKN_WS-2_2026-Mei.xlsx,Mei 2026/WS-2/DHI_PLTS-IKN_WS-2_2026-Mei.xlsx,438267,1e68ed7b0beb0525b76795ef122689ab585bc27205f0f66a1dfa9baaf1604843,WS-2,EMI02,DHI,,standardized,78,2026-05-21 17:46:26.883,2026-05-31 19:49:31.432
DNIcosZ_PLTS-IKN_WS-2_2026-Mei.xlsx,Mei 2026/WS-2/DNIcosZ_PLTS-IKN_WS-2_2026-Mei.xlsx,438588,1ad3c224de08a8f46990e6a41470e879564a3163b7426ebb31c34bcfacdd5628,WS-2,EMI02,DNIcosZ,,standardized,78,2026-05-21 17:46:26.883,2026-05-31 19:49:31.432
GHI_PLTS-IKN_WS-2_2026-Mei.xlsx,Mei 2026/WS-2/GHI_PLTS-IKN_WS-2_2026-Mei.xlsx,438845,803c560985e86a80bad16fbc32eb0b39bd69360d3e2cb57ed5923c351cb64f49,WS-2,EMI02,GHI,,standardized,78,2026-05-21 17:46:26.883,2026-05-31 19:49:31.432
POA_PLTS-IKN_WS-2_2026-Mei.xlsx,Mei 2026/WS-2/POA_PLTS-IKN_WS-2_2026-Mei.xlsx,438363,a74dee8fa0365053f5e0866b2e1fb4ca9be51cb5aa8daa1c3058a8ab2631f8de,WS-2,EMI02,POA,,standardized,78,2026-05-21 17:46:26.883,2026-05-31 19:49:31.432
RSI_01_PLTS-IKN_WS-2_2026-Mei.xlsx,Mei 2026/WS-2/RSI_01_PLTS-IKN_WS-2_2026-Mei.xlsx,438607,038da57af6c87f411eb0df5845d26e92163c3af9c72736b0475ab5cca7808320,WS-2,EMI02,RSI,RSI_01,standardized,78,2026-05-21 17:46:26.883,2026-05-31 19:49:31.432
RSI_02_PLTS-IKN_WS-2_2026-Mei.xlsx,Mei 2026/WS-2/RSI_02_PLTS-IKN_WS-2_2026-Mei.xlsx,438420,959dd78566c3dae5acc4d60d49df380827ee039abf6e7c865b50fffead480c7e,WS-2,EMI02,RSI,RSI_02,standardized,78,2026-05-21 17:46:26.898,2026-05-31 19:49:31.432
RSI_03_PLTS-IKN_WS-2_2026-Mei.xlsx,Mei 2026/WS-2/RSI_03_PLTS-IKN_WS-2_2026-Mei.xlsx,438320,f8bc94aa6614025d36264553fb7f804b7c6ff2ebe7309220744b41890794bb71,WS-2,EMI02,RSI,RSI_03,standardized,78,2026-05-21 17:46:26.898,2026-05-31 19:49:31.432
DHI_PLTS-IKN_WS-3_2026-Mei.xlsx,Mei 2026/WS-3/DHI_PLTS-IKN_WS-3_2026-Mei.xlsx,1541896,120a0abd0e16dacb1455126d54a675bbc9fe67b379f652ba8f270880901204c7,WS-3,EMI03,DHI,,standardized,45100,2026-05-01 06:22:16.272,2026-05-31 19:49:29.745
DNIcosZ_PLTS-IKN_WS-3_2026-Mei.xlsx,Mei 2026/WS-3/DNIcosZ_PLTS-IKN_WS-3_2026-Mei.xlsx,439188,b4c69295e36939ce4e5ba60d1b0b281ef29c2f65affc911c1031c7d13f51534a,WS-3,EMI03,DNIcosZ,,standardized,112,2026-05-02 15:07:18.939,2026-05-31 19:49:29.745
GHI_PLTS-IKN_WS-3_2026-Mei.xlsx,Mei 2026/WS-3/GHI_PLTS-IKN_WS-3_2026-Mei.xlsx,1493127,91bff20dceaab6ab1633c93d20c4c56e3c2b3a392f71c2d07937cd9bc19c9ef2,WS-3,EMI03,GHI,,standardized,43179,2026-05-01 06:23:32.163,2026-05-31 19:49:29.745
POA_PLTS-IKN_WS-3_2026-Mei.xlsx,Mei 2026/WS-3/POA_PLTS-IKN_WS-3_2026-Mei.xlsx,438644,f36ade5734cacd846b23ce1eeb4135c9111e2e674ca84de6deff04043c5ff7d2,WS-3,EMI03,POA,,standardized,83,2026-05-21 17:46:27.898,2026-05-31 19:49:29.745
RSI_01_PLTS-IKN_WS-3_2026-Mei.xlsx,Mei 2026/WS-3/RSI_01_PLTS-IKN_WS-3_2026-Mei.xlsx,438809,2d7e303b16af6b860aab155285e993aa533e9053714e513a11a07fb4f9f20cbd,WS-3,EMI03,RSI,RSI_01,standardized,83,2026-05-21 17:46:27.898,2026-05-31 19:49:29.745
RSI_02_PLTS-IKN_WS-3_2026-Mei.xlsx,Mei 2026/WS-3/RSI_02_PLTS-IKN_WS-3_2026-Mei.xlsx,438638,d7c4f2c2ef3e400282ee61594fcce26eb8e0488f2a9d2ad9cf5f808af1696e9a,WS-3,EMI03,RSI,RSI_02,standardized,83,2026-05-21 17:46:27.898,2026-05-31 19:49:29.745
RSI_03_PLTS-IKN_WS-3_2026-Mei.xlsx,Mei 2026/WS-3/RSI_03_PLTS-IKN_WS-3_2026-Mei.xlsx,438667,03ab4d966d59d3e2b554d03b4ae9026f3fbf98b123ed71b14cf3287781fce014,WS-3,EMI03,RSI,RSI_03,standardized,83,2026-05-21 17:46:27.898,2026-05-31 19:49:29.745
DHI_PLTS-IKN_WS-4_2026-Mei.xlsx,Mei 2026/WS-4/DHI_PLTS-IKN_WS-4_2026-Mei.xlsx,1577783,fddc29e53c34d687ebde9c3bad86fd6dc1d5432a3cb42666e5b79e34a60426a1,WS-4,EMI04,DHI,,standardized,47009,2026-05-01 06:23:24.209,2026-05-31 17:55:35.216
DNIcosZ_PLTS-IKN_WS-4_2026-Mei.xlsx,Mei 2026/WS-4/DNIcosZ_PLTS-IKN_WS-4_2026-Mei.xlsx,557547,fb7e518aa5f3919401c2ac77815fc1247e7fbe98b9565a8039788b6797638c8d,WS-4,EMI04,DNIcosZ,,standardized,4693,2026-05-01 11:13:04.100,2026-05-31 11:39:07.846
GHI_PLTS-IKN_WS-4_2026-Mei.xlsx,Mei 2026/WS-4/GHI_PLTS-IKN_WS-4_2026-Mei.xlsx,1639370,3378ad71619dd08cc2797d89364e998ffcd8a37f8abddc3af3a21706269137ef,WS-4,EMI04,GHI,,standardized,49212,2026-05-01 06:22:54.506,2026-05-31 17:56:27.909
POA_PLTS-IKN_WS-4_2026-Mei.xlsx,Mei 2026/WS-4/POA_PLTS-IKN_WS-4_2026-Mei.xlsx,436140,a5947e36be22a32095172581d5c7821a90acf3052db77aad1e2477c43daaf306,WS-4,EMI04,POA,,standardized,10,2026-05-21 17:46:27.898,2026-05-22 09:22:53.170
RSI_01_PLTS-IKN_WS-4_2026-Mei.xlsx,Mei 2026/WS-4/RSI_01_PLTS-IKN_WS-4_2026-Mei.xlsx,436143,f3ede48a42e6b094dd9f5e4ee5236693375560d053617011b9a72095eed47141,WS-4,EMI04,RSI,RSI_01,standardized,10,2026-05-21 17:46:27.898,2026-05-22 09:22:53.170
RSI_02_PLTS-IKN_WS-4_2026-Mei.xlsx,Mei 2026/WS-4/RSI_02_PLTS-IKN_WS-4_2026-Mei.xlsx,436137,fb417b4cdc1560924515629d2ad3db2cd720829f25edcf5a729627de87ef35af,WS-4,EMI04,RSI,RSI_02,standardized,10,2026-05-21 17:46:27.898,2026-05-22 09:22:53.171
RSI_03_PLTS-IKN_WS-4_2026-Mei.xlsx,Mei 2026/WS-4/RSI_03_PLTS-IKN_WS-4_2026-Mei.xlsx,656080,0c87f11e9496ce7ee61c78af393ce75d0729b988da679c4f0e39035f666e5a91,WS-4,EMI04,RSI,RSI_03,standardized,8935,2026-05-01 08:27:05.491,2026-05-31 15:03:08.892
Total_Irradiance_PLTS-IKN_WS-5_2026-Mei.xlsx,Mei 2026/WS-5/Total_Irradiance_PLTS-IKN_WS-5_2026-Mei.xlsx,13962265,10b370da3729b10821397c9a84b394fe539a6d209df8d75fb8b73f910cdcbb39,WS-5,EMI05,GHI,,standardized,531970,2026-05-01 06:01:45.709,2026-05-31 19:49:45.299
POA_PLTS-IKN_WS-1_2025-Jan 1-29.xlsx,PV Module Temp 1-28 Jan/POA_PLTS-IKN_WS-1_2025-Jan 1-29.xlsx,452393,ffc2e7f32102b31e5583b6cd39e7c6b95dc140e676ff06bda6d10f1d02df0299,WS-1,EMI01,POA,,standardized,203,2026-01-01 10:54:53.960,2026-01-27 17:14:31.979
POA_PLTS-IKN_WS-2_2025-Jan 1-29.xlsx,PV Module Temp 1-28 Jan/POA_PLTS-IKN_WS-2_2025-Jan 1-29.xlsx,1466037,f31980c6f60ff2bd941dcccf28329972c7f856193a522982b50fd9d04b4b8fb3,WS-2,EMI02,POA,,standardized,43238,2026-01-01 06:20:28.704,2026-01-29 13:55:12.780
POA_PLTS-IKN_WS-3_2025-Jan 1-29.xlsx,PV Module Temp 1-28 Jan/POA_PLTS-IKN_WS-3_2025-Jan 1-29.xlsx,450108,41059cfc0c2dbb6ed41c11bdc5f8eeff7b109c14361269ec35d3fffec4b42b81,WS-3,EMI03,POA,,standardized,0,,
POA_PLTS-IKN_WS-4_2025-Jan 1-29.xlsx,PV Module Temp 1-28 Jan/POA_PLTS-IKN_WS-4_2025-Jan 1-29.xlsx,601112,09dbf5225fc20759aba6b8990e93e18b3c4efef4c01b387eaaf21d846c2a81e8,WS-4,EMI04,POA,,standardized,6693,2026-01-01 06:21:01.682,2026-01-05 12:53:23.741
